INSERT IGNORE INTO `T_CO_MENU` ( `comp_seq`, `menu_gubun`, `menu_no`, `upper_menu_no`, `menu_ordr`, `use_yn`, `url_gubun`, `url_path`, `sso_use_yn`, `menu_depth`, `menu_img_path`, `menu_img_class`, `menu_type`, `create_seq`, `create_date`, `modify_seq`, `modify_date`, `public_yn`, `delete_yn`, `open_menu_no` ) VALUES ('1000', 'MENU013', '1000000000', '0', '1000000000', 'Y', NULL, NULL, 'N', '1', NULL, NULL, NULL, 'SYSTEM', NOW(), 'SYSTEM', NOW(), 'Y', NULL, NULL );
INSERT IGNORE INTO `T_CO_MENU` ( `comp_seq`, `menu_gubun`, `menu_no`, `upper_menu_no`, `menu_ordr`, `use_yn`, `url_gubun`, `url_path`, `sso_use_yn`, `menu_depth`, `menu_img_path`, `menu_img_class`, `menu_type`, `create_seq`, `create_date`, `modify_seq`, `modify_date`, `public_yn`, `delete_yn`, `open_menu_no` ) VALUES ('1000', 'MENU013', '1001000000', '1000000000', '1001000000', 'Y', NULL, NULL, 'N', '2', NULL, NULL, NULL, 'SYSTEM', NOW(), 'SYSTEM', NOW(), 'Y', NULL, NULL );
INSERT IGNORE INTO `T_CO_MENU` ( `comp_seq`, `menu_gubun`, `menu_no`, `upper_menu_no`, `menu_ordr`, `use_yn`, `url_gubun`, `url_path`, `sso_use_yn`, `menu_depth`, `menu_img_path`, `menu_img_class`, `menu_type`, `create_seq`, `create_date`, `modify_seq`, `modify_date`, `public_yn`, `delete_yn`, `open_menu_no` ) VALUES ('1000', 'MENU013', '1001010000', '1001000000', '1001010000', 'Y', 'exp', '/ex/user/report/ExApprovalList.do', 'N', '3', NULL, NULL, NULL, 'SYSTEM', NOW(), 'SYSTEM', NOW(), 'Y', NULL, NULL );
/* 옵션 */ -- INSERT IGNORE INTO `T_CO_MENU` ( `comp_seq`, `menu_gubun`, `menu_no`, `upper_menu_no`, `menu_ordr`, `use_yn`, `url_gubun`, `url_path`, `sso_use_yn`, `menu_depth`, `menu_img_path`, `menu_img_class`, `menu_type`, `create_seq`, `create_date`, `modify_seq`, `modify_date`, `public_yn`, `delete_yn`, `open_menu_no` ) VALUES ('1000', 'MENU013', '1001020000', '1001000000', '1001020000', 'Y', 'exp', '/ex/user/report/ExUseCardlList.do?G20YN=true', 'N', '3', NULL, NULL, NULL, 'SYSTEM', NOW(), 'SYSTEM', NOW(), 'Y', NULL, NULL );
/* 옵션 */ -- INSERT IGNORE INTO `T_CO_MENU` ( `comp_seq`, `menu_gubun`, `menu_no`, `upper_menu_no`, `menu_ordr`, `use_yn`, `url_gubun`, `url_path`, `sso_use_yn`, `menu_depth`, `menu_img_path`, `menu_img_class`, `menu_type`, `create_seq`, `create_date`, `modify_seq`, `modify_date`, `public_yn`, `delete_yn`, `open_menu_no` ) VALUES ('1000', 'MENU013', '1001020001', '1001000000', '1001020001', 'Y', 'exp', '/expend/np/user/NpUserCardReport.do', 'N', '3', NULL, NULL, NULL, 'SYSTEM', NOW(), 'SYSTEM', NOW(), 'Y', NULL, NULL );
/* 옵션 */ -- INSERT IGNORE INTO `T_CO_MENU` ( `comp_seq`, `menu_gubun`, `menu_no`, `upper_menu_no`, `menu_ordr`, `use_yn`, `url_gubun`, `url_path`, `sso_use_yn`, `menu_depth`, `menu_img_path`, `menu_img_class`, `menu_type`, `create_seq`, `create_date`, `modify_seq`, `modify_date`, `public_yn`, `delete_yn`, `open_menu_no` ) VALUES ('1000', 'MENU013', '1001020002', '1001000000', '1001020002', 'Y', 'exp', '/expend/np/user/NpUserG20Yesil.do', 'N', '3', NULL, NULL, NULL, 'SYSTEM', NOW(), 'SYSTEM', NOW(), 'Y', NULL, NULL );
/* 옵션 */ -- INSERT IGNORE INTO `T_CO_MENU` ( `comp_seq`, `menu_gubun`, `menu_no`, `upper_menu_no`, `menu_ordr`, `use_yn`, `url_gubun`, `url_path`, `sso_use_yn`, `menu_depth`, `menu_img_path`, `menu_img_class`, `menu_type`, `create_seq`, `create_date`, `modify_seq`, `modify_date`, `public_yn`, `delete_yn`, `open_menu_no` ) VALUES ('1000', 'MENU013', '1001030000', '1001000000', '1001030000', 'Y', 'exp', '/ex/user/report/ExUserETaxERPiUList.do', 'N', '3', NULL, NULL, NULL, 'SYSTEM', NOW(), 'SYSTEM', NOW(), 'Y', NULL, NULL );
/* 옵션 */ -- INSERT IGNORE INTO `T_CO_MENU` ( `comp_seq`, `menu_gubun`, `menu_no`, `upper_menu_no`, `menu_ordr`, `use_yn`, `url_gubun`, `url_path`, `sso_use_yn`, `menu_depth`, `menu_img_path`, `menu_img_class`, `menu_type`, `create_seq`, `create_date`, `modify_seq`, `modify_date`, `public_yn`, `delete_yn`, `open_menu_no` ) VALUES ('1000', 'MENU013', '1001040000', '1001000000', '1001040000', 'Y', 'exp', '/ex/user/report/ExUserETaxiCUBEList.do', 'N', '3', NULL, NULL, NULL, 'SYSTEM', NOW(), 'SYSTEM', NOW(), 'Y', NULL, NULL );
/* 옵션 */ -- INSERT IGNORE INTO `T_CO_MENU` ( `comp_seq`, `menu_gubun`, `menu_no`, `upper_menu_no`, `menu_ordr`, `use_yn`, `url_gubun`, `url_path`, `sso_use_yn`, `menu_depth`, `menu_img_path`, `menu_img_class`, `menu_type`, `create_seq`, `create_date`, `modify_seq`, `modify_date`, `public_yn`, `delete_yn`, `open_menu_no` ) VALUES ('1000', 'MENU013', '1001050000', '1001000000', '1001050000', 'Y', 'exp', '/expend/np/user/NpUserEtaxReport.do', 'N', '3', NULL, NULL, NULL, 'SYSTEM', NOW(), 'SYSTEM', NOW(), 'Y', NULL, NULL );
/* 옵션 */ -- INSERT IGNORE INTO `T_CO_MENU` ( `comp_seq`, `menu_gubun`, `menu_no`, `upper_menu_no`, `menu_ordr`, `use_yn`, `url_gubun`, `url_path`, `sso_use_yn`, `menu_depth`, `menu_img_path`, `menu_img_class`, `menu_type`, `create_seq`, `create_date`, `modify_seq`, `modify_date`, `public_yn`, `delete_yn`, `open_menu_no` ) VALUES ('1000', 'MENU013', '1001070000', '1001000000', '1001070000', 'Y', 'exp', '/expend/np/user/NpUserConsUserReport.do', 'N', '3', NULL, NULL, NULL, 'SYSTEM', NOW(), 'SYSTEM', NOW(), 'Y', NULL, NULL );
/* 옵션 */ -- INSERT IGNORE INTO `T_CO_MENU` ( `comp_seq`, `menu_gubun`, `menu_no`, `upper_menu_no`, `menu_ordr`, `use_yn`, `url_gubun`, `url_path`, `sso_use_yn`, `menu_depth`, `menu_img_path`, `menu_img_class`, `menu_type`, `create_seq`, `create_date`, `modify_seq`, `modify_date`, `public_yn`, `delete_yn`, `open_menu_no` ) VALUES ('1000', 'MENU013', '1001070001', '1001000000', '1001070001', 'Y', 'exp', '/expend/np/user/NpUserResUserReport.do', 'N', '3', NULL, NULL, NULL, 'SYSTEM', NOW(), 'SYSTEM', NOW(), 'Y', NULL, NULL );
/* 옵션 */ -- INSERT IGNORE INTO `T_CO_MENU` ( `comp_seq`, `menu_gubun`, `menu_no`, `upper_menu_no`, `menu_ordr`, `use_yn`, `url_gubun`, `url_path`, `sso_use_yn`, `menu_depth`, `menu_img_path`, `menu_img_class`, `menu_type`, `create_seq`, `create_date`, `modify_seq`, `modify_date`, `public_yn`, `delete_yn`, `open_menu_no` ) VALUES ('1000', 'MENU013', '1001070002', '1001000000', '1001070002', 'Y', 'exp', '/expend/np/user/NpUserConsConfferReturn.do', 'N', '3', NULL, NULL, NULL, 'SYSTEM', NOW(), 'SYSTEM', NOW(), 'Y', NULL, NULL );
/* 옵션 */ -- INSERT IGNORE INTO `T_CO_MENU` ( `comp_seq`, `menu_gubun`, `menu_no`, `upper_menu_no`, `menu_ordr`, `use_yn`, `url_gubun`, `url_path`, `sso_use_yn`, `menu_depth`, `menu_img_path`, `menu_img_class`, `menu_type`, `create_seq`, `create_date`, `modify_seq`, `modify_date`, `public_yn`, `delete_yn`, `open_menu_no` ) VALUES ('1000', 'MENU013', '1002000000', '1000000000', '1002000000', 'Y', NULL, NULL, 'N', '2', NULL, NULL, NULL, 'SYSTEM', NOW(), 'SYSTEM', NOW(), 'Y', NULL, NULL );
/* 옵션 */ -- INSERT IGNORE INTO `T_CO_MENU` ( `comp_seq`, `menu_gubun`, `menu_no`, `upper_menu_no`, `menu_ordr`, `use_yn`, `url_gubun`, `url_path`, `sso_use_yn`, `menu_depth`, `menu_img_path`, `menu_img_class`, `menu_type`, `create_seq`, `create_date`, `modify_seq`, `modify_date`, `public_yn`, `delete_yn`, `open_menu_no` ) VALUES ('1000', 'MENU013', '1002010000', '1002000000', '1002010000', 'Y', 'eap', '/ea/fund/FundReportList.do', 'N', '3', NULL, NULL, NULL, 'SYSTEM', NOW(), 'SYSTEM', NOW(), 'Y', NULL, NULL );
/* 옵션 */ -- INSERT IGNORE INTO `T_CO_MENU` ( `comp_seq`, `menu_gubun`, `menu_no`, `upper_menu_no`, `menu_ordr`, `use_yn`, `url_gubun`, `url_path`, `sso_use_yn`, `menu_depth`, `menu_img_path`, `menu_img_class`, `menu_type`, `create_seq`, `create_date`, `modify_seq`, `modify_date`, `public_yn`, `delete_yn`, `open_menu_no` ) VALUES ('1000', 'MENU013', '1003000000', '1000000000', '1003000000', 'Y', NULL, NULL, 'N', '2', NULL, NULL, NULL, 'SYSTEM', NOW(), 'SYSTEM', NOW(), 'Y', NULL, NULL );
/* 옵션 */ -- INSERT IGNORE INTO `T_CO_MENU` ( `comp_seq`, `menu_gubun`, `menu_no`, `upper_menu_no`, `menu_ordr`, `use_yn`, `url_gubun`, `url_path`, `sso_use_yn`, `menu_depth`, `menu_img_path`, `menu_img_class`, `menu_type`, `create_seq`, `create_date`, `modify_seq`, `modify_date`, `public_yn`, `delete_yn`, `open_menu_no` ) VALUES ('1000', 'MENU013', '1003020000', '1003000000', '1003020000', 'Y', 'exp', '/ex/user/yesil/ExUserYesilReport.do', 'N', '3', NULL, NULL, NULL, 'SYSTEM', NOW(), 'SYSTEM', NOW(), 'Y', NULL, NULL );
/* 옵션 */ -- INSERT IGNORE INTO `T_CO_MENU` ( `comp_seq`, `menu_gubun`, `menu_no`, `upper_menu_no`, `menu_ordr`, `use_yn`, `url_gubun`, `url_path`, `sso_use_yn`, `menu_depth`, `menu_img_path`, `menu_img_class`, `menu_type`, `create_seq`, `create_date`, `modify_seq`, `modify_date`, `public_yn`, `delete_yn`, `open_menu_no` ) VALUES ('1000', 'MENU013', '1003030000', '1003000000', '1003030000', 'Y', 'exp', '/ex/user/yesil/ExUserYesil2Report.do', 'N', '3', NULL, NULL, NULL, 'SYSTEM', NOW(), 'SYSTEM', NOW(), 'Y', NULL, NULL );

INSERT IGNORE INTO `T_CO_MENU_MULTI` ( `menu_no`, `lang_code`, `menu_nm`, `menu_dc`, `create_seq`, `create_date`, `modify_seq`, `modify_date` ) VALUES( '1000000000', 'kr', '회계', NULL, 'SYSTEM', NOW(), 'SYSTEM', NOW() );
INSERT IGNORE INTO `T_CO_MENU_MULTI` ( `menu_no`, `lang_code`, `menu_nm`, `menu_dc`, `create_seq`, `create_date`, `modify_seq`, `modify_date` ) VALUES( '1001000000', 'kr', '지출결의 관리', NULL, 'SYSTEM', NOW(), 'SYSTEM', NOW() );
INSERT IGNORE INTO `T_CO_MENU_MULTI` ( `menu_no`, `lang_code`, `menu_nm`, `menu_dc`, `create_seq`, `create_date`, `modify_seq`, `modify_date` ) VALUES( '1001010000', 'kr', '나의 지출결의 현황', NULL, 'SYSTEM', NOW(), 'SYSTEM', NOW() );
/* 옵션 */ -- INSERT IGNORE INTO `T_CO_MENU_MULTI` ( `menu_no`, `lang_code`, `menu_nm`, `menu_dc`, `create_seq`, `create_date`, `modify_seq`, `modify_date` ) VALUES( '1001020000', 'kr', '나의 카드 사용 현황', NULL, 'SYSTEM', NOW(), 'SYSTEM', NOW() );
/* 옵션 */ -- INSERT IGNORE INTO `T_CO_MENU_MULTI` ( `menu_no`, `lang_code`, `menu_nm`, `menu_dc`, `create_seq`, `create_date`, `modify_seq`, `modify_date` ) VALUES( '1001020001', 'kr', '나의 카드 사용 현황(비영리 2.0)', NULL, 'SYSTEM', NOW(), 'SYSTEM', NOW() );
/* 옵션 */ -- INSERT IGNORE INTO `T_CO_MENU_MULTI` ( `menu_no`, `lang_code`, `menu_nm`, `menu_dc`, `create_seq`, `create_date`, `modify_seq`, `modify_date` ) VALUES( '1001020002', 'kr', '나의 예실대비 현황(비영리 2.0)', NULL, 'SYSTEM', NOW(), 'SYSTEM', NOW() );
/* 옵션 */ -- INSERT IGNORE INTO `T_CO_MENU_MULTI` ( `menu_no`, `lang_code`, `menu_nm`, `menu_dc`, `create_seq`, `create_date`, `modify_seq`, `modify_date` ) VALUES( '1001030000', 'kr', '나의 세금계산서 현황(ERPiU)', NULL, 'SYSTEM', NOW(), 'SYSTEM', NOW() );
/* 옵션 */ -- INSERT IGNORE INTO `T_CO_MENU_MULTI` ( `menu_no`, `lang_code`, `menu_nm`, `menu_dc`, `create_seq`, `create_date`, `modify_seq`, `modify_date` ) VALUES( '1001040000', 'kr', '나의 세금계산서 현황(iCUBE)', NULL, 'SYSTEM', NOW(), 'SYSTEM', NOW() );
/* 옵션 */ -- INSERT IGNORE INTO `T_CO_MENU_MULTI` ( `menu_no`, `lang_code`, `menu_nm`, `menu_dc`, `create_seq`, `create_date`, `modify_seq`, `modify_date` ) VALUES( '1001050000', 'kr', '나의 세금계산서 현황(비영리 2.0)', NULL, 'SYSTEM', NOW(), 'SYSTEM', NOW() );
/* 옵션 */ -- INSERT IGNORE INTO `T_CO_MENU_MULTI` ( `menu_no`, `lang_code`, `menu_nm`, `menu_dc`, `create_seq`, `create_date`, `modify_seq`, `modify_date` ) VALUES( '1001070000', 'kr', '품의서 현황(비영리 2.0)', NULL, 'SYSTEM', NOW(), 'SYSTEM', NOW() );
/* 옵션 */ -- INSERT IGNORE INTO `T_CO_MENU_MULTI` ( `menu_no`, `lang_code`, `menu_nm`, `menu_dc`, `create_seq`, `create_date`, `modify_seq`, `modify_date` ) VALUES( '1001070001', 'kr', '결의서 현황(비영리 2.0)', NULL, 'SYSTEM', NOW(), 'SYSTEM', NOW() );
/* 옵션 */ -- INSERT IGNORE INTO `T_CO_MENU_MULTI` ( `menu_no`, `lang_code`, `menu_nm`, `menu_dc`, `create_seq`, `create_date`, `modify_seq`, `modify_date` ) VALUES( '1001070002', 'kr', '품의서 반환(비영리 2.0)', NULL, 'SYSTEM', NOW(), 'SYSTEM', NOW() );
/* 옵션 */ -- INSERT IGNORE INTO `T_CO_MENU_MULTI` ( `menu_no`, `lang_code`, `menu_nm`, `menu_dc`, `create_seq`, `create_date`, `modify_seq`, `modify_date` ) VALUES( '1002000000', 'kr', '자금 관리', NULL, 'SYSTEM', NOW(), 'SYSTEM', NOW() );
/* 옵션 */ -- INSERT IGNORE INTO `T_CO_MENU_MULTI` ( `menu_no`, `lang_code`, `menu_nm`, `menu_dc`, `create_seq`, `create_date`, `modify_seq`, `modify_date` ) VALUES( '1002010000', 'kr', '나의 자금 일보 현황', NULL, 'SYSTEM', NOW(), 'SYSTEM', NOW() );
/* 옵션 */ -- INSERT IGNORE INTO `T_CO_MENU_MULTI` ( `menu_no`, `lang_code`, `menu_nm`, `menu_dc`, `create_seq`, `create_date`, `modify_seq`, `modify_date` ) VALUES( '1003000000', 'kr', '예실대비', NULL, 'SYSTEM', NOW(), 'SYSTEM', NOW() );
/* 옵션 */ -- INSERT IGNORE INTO `T_CO_MENU_MULTI` ( `menu_no`, `lang_code`, `menu_nm`, `menu_dc`, `create_seq`, `create_date`, `modify_seq`, `modify_date` ) VALUES( '1003020000', 'kr', '나의 예실대비 현황(iCUBE)', NULL, 'SYSTEM', NOW(), 'SYSTEM', NOW() );
/* 옵션 */ -- INSERT IGNORE INTO `T_CO_MENU_MULTI` ( `menu_no`, `lang_code`, `menu_nm`, `menu_dc`, `create_seq`, `create_date`, `modify_seq`, `modify_date` ) VALUES( '1003030000', 'kr', '나의 예실대비 현황(ERPiU)', NULL, 'SYSTEM', NOW(), 'SYSTEM', NOW() );

INSERT IGNORE INTO `T_CO_MENU_ADM` ( `menu_no`, `menu_gubun`, `upper_menu_no`, `menu_ordr`, `use_yn`, `url_gubun`, `url_path`, `sso_use_yn`, `menu_depth`, `menu_img_class`, `create_seq`, `create_date`, `modify_seq`, `modify_date`, `menu_adm_gubun`, `menu_auth_type`, `public_yn`, `delete_yn` ) VALUES ( '810000000', 'MENU013', '0', '810000000', 'Y', NULL, NULL, 'N', '1', NULL, 'SYSTEM', NOW(), 'SYSTEM', NOW(), 'MENU013', 'ADMIN', 'Y', NULL );
INSERT IGNORE INTO `T_CO_MENU_ADM` ( `menu_no`, `menu_gubun`, `upper_menu_no`, `menu_ordr`, `use_yn`, `url_gubun`, `url_path`, `sso_use_yn`, `menu_depth`, `menu_img_class`, `create_seq`, `create_date`, `modify_seq`, `modify_date`, `menu_adm_gubun`, `menu_auth_type`, `public_yn`, `delete_yn` ) VALUES ( '810100000', 'MENU013', '810000000', '810100000', 'Y', NULL, NULL, 'N', '2', NULL, 'SYSTEM', NOW(), 'SYSTEM', NOW(), 'MENU013', 'ADMIN', 'Y', NULL );
INSERT IGNORE INTO `T_CO_MENU_ADM` ( `menu_no`, `menu_gubun`, `upper_menu_no`, `menu_ordr`, `use_yn`, `url_gubun`, `url_path`, `sso_use_yn`, `menu_depth`, `menu_img_class`, `create_seq`, `create_date`, `modify_seq`, `modify_date`, `menu_adm_gubun`, `menu_auth_type`, `public_yn`, `delete_yn` ) VALUES ( '810101000', 'MENU013', '810100000', '810101000', 'Y', 'exp', '/ex/admin/report/ExApprovalSendList.do', 'N', '3', NULL, 'SYSTEM', NOW(), 'SYSTEM', NOW(), 'MENU013', 'ADMIN', 'Y', NULL );
INSERT IGNORE INTO `T_CO_MENU_ADM` ( `menu_no`, `menu_gubun`, `upper_menu_no`, `menu_ordr`, `use_yn`, `url_gubun`, `url_path`, `sso_use_yn`, `menu_depth`, `menu_img_class`, `create_seq`, `create_date`, `modify_seq`, `modify_date`, `menu_adm_gubun`, `menu_auth_type`, `public_yn`, `delete_yn` ) VALUES ( '810101500', 'MENU013', '810100000', '810101500', 'Y', 'exp', '/ex/admin/report/ExApprovalSlipList.do', 'N', '3', NULL, 'SYSTEM', NOW(), 'SYSTEM', NOW(), 'MENU013', 'ADMIN', 'Y', NULL );
INSERT IGNORE INTO `T_CO_MENU_ADM` ( `menu_no`, `menu_gubun`, `upper_menu_no`, `menu_ordr`, `use_yn`, `url_gubun`, `url_path`, `sso_use_yn`, `menu_depth`, `menu_img_class`, `create_seq`, `create_date`, `modify_seq`, `modify_date`, `menu_adm_gubun`, `menu_auth_type`, `public_yn`, `delete_yn` ) VALUES ( '810102000', 'MENU013', '810100000', '810102000', 'Y', 'exp', '/ex/admin/report/ExApprovalList.do', 'N', '3', NULL, 'SYSTEM', NOW(), 'SYSTEM', NOW(), 'MENU013', 'ADMIN', 'Y', NULL );
/* 옵션 */ -- INSERT IGNORE INTO `T_CO_MENU_ADM` ( `menu_no`, `menu_gubun`, `upper_menu_no`, `menu_ordr`, `use_yn`, `url_gubun`, `url_path`, `sso_use_yn`, `menu_depth`, `menu_img_class`, `create_seq`, `create_date`, `modify_seq`, `modify_date`, `menu_adm_gubun`, `menu_auth_type`, `public_yn`, `delete_yn` ) VALUES ( '810103000', 'MENU013', '810100000', '810103000', 'Y', 'exp', '/ex/admin/report/ExUseCardlList.do', 'N', '3', NULL, 'SYSTEM', NOW(), 'SYSTEM', NOW(), 'MENU013', 'ADMIN', 'Y', NULL );
INSERT IGNORE INTO `T_CO_MENU_ADM` ( `menu_no`, `menu_gubun`, `upper_menu_no`, `menu_ordr`, `use_yn`, `url_gubun`, `url_path`, `sso_use_yn`, `menu_depth`, `menu_img_class`, `create_seq`, `create_date`, `modify_seq`, `modify_date`, `menu_adm_gubun`, `menu_auth_type`, `public_yn`, `delete_yn` ) VALUES ( '810104000', 'MENU013', '810100000', '810104000', 'Y', 'exp', '/ex/admin/report/ExiCUBEDocListReport.do', 'N', '3', NULL, 'SYSTEM', NOW(), 'SYSTEM', NOW(), 'MENU013', 'ADMIN', 'Y', NULL );
/* 옵션 */ -- INSERT IGNORE INTO `T_CO_MENU_ADM` ( `menu_no`, `menu_gubun`, `upper_menu_no`, `menu_ordr`, `use_yn`, `url_gubun`, `url_path`, `sso_use_yn`, `menu_depth`, `menu_img_class`, `create_seq`, `create_date`, `modify_seq`, `modify_date`, `menu_adm_gubun`, `menu_auth_type`, `public_yn`, `delete_yn` ) VALUES ( '810105000', 'MENU013', '810100000', '810105000', 'Y', 'exp', '/ex/admin/report/ExAdminETaxlListiCUBE.do', 'N', '3', NULL, 'SYSTEM', NOW(), 'SYSTEM', NOW(), 'MENU013', 'ADMIN', 'Y', NULL );
/* 옵션 */ -- INSERT IGNORE INTO `T_CO_MENU_ADM` ( `menu_no`, `menu_gubun`, `upper_menu_no`, `menu_ordr`, `use_yn`, `url_gubun`, `url_path`, `sso_use_yn`, `menu_depth`, `menu_img_class`, `create_seq`, `create_date`, `modify_seq`, `modify_date`, `menu_adm_gubun`, `menu_auth_type`, `public_yn`, `delete_yn` ) VALUES ( '810106000', 'MENU013', '810100000', '810106000', 'Y', 'exp', '/ex/admin/report/ExAdminETaxlListERPiU.do', 'N', '3', NULL, 'SYSTEM', NOW(), 'SYSTEM', NOW(), 'MENU013', 'ADMIN', 'Y', NULL );
/* 옵션 */ -- INSERT IGNORE INTO `T_CO_MENU_ADM` ( `menu_no`, `menu_gubun`, `upper_menu_no`, `menu_ordr`, `use_yn`, `url_gubun`, `url_path`, `sso_use_yn`, `menu_depth`, `menu_img_class`, `create_seq`, `create_date`, `modify_seq`, `modify_date`, `menu_adm_gubun`, `menu_auth_type`, `public_yn`, `delete_yn` ) VALUES ( '810107000', 'MENU013', '810100000', '810107000', 'Y', 'exp', '/expend/np/admin/NpApprovalSendList.do', 'N', '3', NULL, 'SYSTEM', NOW(), 'SYSTEM', NOW(), 'MENU013', 'ADMIN', 'Y', NULL );
/* 옵션 */ -- INSERT IGNORE INTO `T_CO_MENU_ADM` ( `menu_no`, `menu_gubun`, `upper_menu_no`, `menu_ordr`, `use_yn`, `url_gubun`, `url_path`, `sso_use_yn`, `menu_depth`, `menu_img_class`, `create_seq`, `create_date`, `modify_seq`, `modify_date`, `menu_adm_gubun`, `menu_auth_type`, `public_yn`, `delete_yn` ) VALUES ( '810107001', 'MENU013', '810100000', '810107000', 'Y', 'exp', '/expend/np/admin/NpAdminResReport.do', 'N', '3', NULL, 'SYSTEM', NOW(), 'SYSTEM', NOW(), 'MENU013', 'ADMIN', 'Y', NULL );
/* 옵션 */ -- INSERT IGNORE INTO `T_CO_MENU_ADM` ( `menu_no`, `menu_gubun`, `upper_menu_no`, `menu_ordr`, `use_yn`, `url_gubun`, `url_path`, `sso_use_yn`, `menu_depth`, `menu_img_class`, `create_seq`, `create_date`, `modify_seq`, `modify_date`, `menu_adm_gubun`, `menu_auth_type`, `public_yn`, `delete_yn` ) VALUES ( '810107002', 'MENU013', '810100000', '810107002', 'Y', 'exp', '/expend/np/admin/NpAdminConsReport.do', 'N', '3', NULL, 'SYSTEM', NOW(), 'SYSTEM', NOW(), 'MENU013', 'ADMIN', 'Y', NULL );
/* 옵션 */ -- INSERT IGNORE INTO `T_CO_MENU_ADM` ( `menu_no`, `menu_gubun`, `upper_menu_no`, `menu_ordr`, `use_yn`, `url_gubun`, `url_path`, `sso_use_yn`, `menu_depth`, `menu_img_class`, `create_seq`, `create_date`, `modify_seq`, `modify_date`, `menu_adm_gubun`, `menu_auth_type`, `public_yn`, `delete_yn` ) VALUES ( '810107003', 'MENU013', '810100000', '810107003', 'Y', 'exp', '/expend/np/admin/NpAdminResReport.do', 'N', '3', NULL, 'SYSTEM', NOW(), 'SYSTEM', NOW(), 'MENU013', 'ADMIN', 'Y', NULL );
/* 옵션 */ -- INSERT IGNORE INTO `T_CO_MENU_ADM` ( `menu_no`, `menu_gubun`, `upper_menu_no`, `menu_ordr`, `use_yn`, `url_gubun`, `url_path`, `sso_use_yn`, `menu_depth`, `menu_img_class`, `create_seq`, `create_date`, `modify_seq`, `modify_date`, `menu_adm_gubun`, `menu_auth_type`, `public_yn`, `delete_yn` ) VALUES ( '810107004', 'MENU013', '810100000', '810107004', 'Y', 'exp', '/expend/np/admin/NpAdminCardReport.do', 'N', '3', NULL, 'SYSTEM', NOW(), 'SYSTEM', NOW(), 'MENU013', 'ADMIN', 'Y', NULL );
/* 옵션 */ -- INSERT IGNORE INTO `T_CO_MENU_ADM` ( `menu_no`, `menu_gubun`, `upper_menu_no`, `menu_ordr`, `use_yn`, `url_gubun`, `url_path`, `sso_use_yn`, `menu_depth`, `menu_img_class`, `create_seq`, `create_date`, `modify_seq`, `modify_date`, `menu_adm_gubun`, `menu_auth_type`, `public_yn`, `delete_yn` ) VALUES ( '810107005', 'MENU013', '810100000', '810107005', 'Y', 'exp', '/expend/np/admin/NpAdminEtaxReport.do', 'N', '3', NULL, 'SYSTEM', '2018-02-02 16:32:28', 'SYSTEM', NOW(), 'MENU013', 'ADMIN', 'Y', NULL );
INSERT IGNORE INTO `T_CO_MENU_ADM` ( `menu_no`, `menu_gubun`, `upper_menu_no`, `menu_ordr`, `use_yn`, `url_gubun`, `url_path`, `sso_use_yn`, `menu_depth`, `menu_img_class`, `create_seq`, `create_date`, `modify_seq`, `modify_date`, `menu_adm_gubun`, `menu_auth_type`, `public_yn`, `delete_yn` ) VALUES ( '810200000', 'MENU013', '810000000', '810200000', 'Y', NULL, NULL, 'N', '2', NULL, 'SYSTEM', NOW(), 'SYSTEM', NOW(), 'MENU013', 'ADMIN', 'Y', NULL );
INSERT IGNORE INTO `T_CO_MENU_ADM` ( `menu_no`, `menu_gubun`, `upper_menu_no`, `menu_ordr`, `use_yn`, `url_gubun`, `url_path`, `sso_use_yn`, `menu_depth`, `menu_img_class`, `create_seq`, `create_date`, `modify_seq`, `modify_date`, `menu_adm_gubun`, `menu_auth_type`, `public_yn`, `delete_yn` ) VALUES ( '810203000', 'MENU013', '810200000', '810203000', 'Y', 'exp', '/ex/admin/config/ExCardConfig.do', 'N', '3', NULL, 'SYSTEM', NOW(), 'SYSTEM', NOW(), 'MENU013', 'ADMIN', 'Y', NULL );
/* 옵션 */ -- INSERT IGNORE INTO `T_CO_MENU_ADM` ( `menu_no`, `menu_gubun`, `upper_menu_no`, `menu_ordr`, `use_yn`, `url_gubun`, `url_path`, `sso_use_yn`, `menu_depth`, `menu_img_class`, `create_seq`, `create_date`, `modify_seq`, `modify_date`, `menu_adm_gubun`, `menu_auth_type`, `public_yn`, `delete_yn` ) VALUES ( '810204000', 'MENU013', '810200000', '810204000', 'Y', 'exp', '/ex/admin/config/ExSummaryConfig.do', 'N', '3', NULL, 'SYSTEM', NOW(), 'SYSTEM', NOW(), 'MENU013', 'ADMIN', 'Y', NULL );
INSERT IGNORE INTO `T_CO_MENU_ADM` ( `menu_no`, `menu_gubun`, `upper_menu_no`, `menu_ordr`, `use_yn`, `url_gubun`, `url_path`, `sso_use_yn`, `menu_depth`, `menu_img_class`, `create_seq`, `create_date`, `modify_seq`, `modify_date`, `menu_adm_gubun`, `menu_auth_type`, `public_yn`, `delete_yn` ) VALUES ( '810205000', 'MENU013', '810200000', '810205000', 'Y', 'exp', '/ex/admin/config/ExAuthTypeConfig.do', 'N', '3', NULL, 'SYSTEM', NOW(), 'SYSTEM', NOW(), 'MENU013', 'ADMIN', 'Y', NULL );
INSERT IGNORE INTO `T_CO_MENU_ADM` ( `menu_no`, `menu_gubun`, `upper_menu_no`, `menu_ordr`, `use_yn`, `url_gubun`, `url_path`, `sso_use_yn`, `menu_depth`, `menu_img_class`, `create_seq`, `create_date`, `modify_seq`, `modify_date`, `menu_adm_gubun`, `menu_auth_type`, `public_yn`, `delete_yn` ) VALUES ( '810206000', 'MENU013', '810200000', '810206000', 'Y', 'exp', '/ex/admin/config/ExExpendSetting.do', 'N', '3', NULL, 'SYSTEM', NOW(), 'SYSTEM', NOW(), 'MENU013', 'ADMIN', 'Y', NULL );
INSERT IGNORE INTO `T_CO_MENU_ADM` ( `menu_no`, `menu_gubun`, `upper_menu_no`, `menu_ordr`, `use_yn`, `url_gubun`, `url_path`, `sso_use_yn`, `menu_depth`, `menu_img_class`, `create_seq`, `create_date`, `modify_seq`, `modify_date`, `menu_adm_gubun`, `menu_auth_type`, `public_yn`, `delete_yn` ) VALUES ( '810208000', 'MENU013', '810200000', '810208000', 'Y', 'exp', '/ex/admin/config/ExItemSetting.do', 'N', '3', NULL, 'SYSTEM', NOW(), 'SYSTEM', NOW(), 'MENU013', 'ADMIN', 'Y', NULL );
INSERT IGNORE INTO `T_CO_MENU_ADM` ( `menu_no`, `menu_gubun`, `upper_menu_no`, `menu_ordr`, `use_yn`, `url_gubun`, `url_path`, `sso_use_yn`, `menu_depth`, `menu_img_class`, `create_seq`, `create_date`, `modify_seq`, `modify_date`, `menu_adm_gubun`, `menu_auth_type`, `public_yn`, `delete_yn` ) VALUES ( '810209000', 'MENU013', '810200000', '810209000', 'Y', 'exp', '/ex/admin/config/ExMngDefSetting.do', 'N', '3', NULL, 'SYSTEM', NOW(), 'SYSTEM', NOW(), 'MENU013', 'ADMIN', 'Y', NULL );
INSERT IGNORE INTO `T_CO_MENU_ADM` ( `menu_no`, `menu_gubun`, `upper_menu_no`, `menu_ordr`, `use_yn`, `url_gubun`, `url_path`, `sso_use_yn`, `menu_depth`, `menu_img_class`, `create_seq`, `create_date`, `modify_seq`, `modify_date`, `menu_adm_gubun`, `menu_auth_type`, `public_yn`, `delete_yn` ) VALUES ( '810211000', 'MENU013', '810200000', '810211000', 'Y', 'exp', '/ex/admin/config/ExLabelConfig.do', 'N', '3', NULL, 'SYSTEM', NOW(), 'SYSTEM', NOW(), 'MENU013', 'ADMIN', 'Y', NULL );
INSERT IGNORE INTO `T_CO_MENU_ADM` ( `menu_no`, `menu_gubun`, `upper_menu_no`, `menu_ordr`, `use_yn`, `url_gubun`, `url_path`, `sso_use_yn`, `menu_depth`, `menu_img_class`, `create_seq`, `create_date`, `modify_seq`, `modify_date`, `menu_adm_gubun`, `menu_auth_type`, `public_yn`, `delete_yn` ) VALUES ( '810212000', 'MENU013', '810200000', '810212000', 'Y', 'exp', '/ex/admin/config/ExButtonConfig.do', 'N', '3', NULL, 'SYSTEM', NOW(), 'SYSTEM', NOW(), 'MENU013', 'ADMIN', 'Y', NULL );
/* 옵션 */ -- INSERT IGNORE INTO `T_CO_MENU_ADM` ( `menu_no`, `menu_gubun`, `upper_menu_no`, `menu_ordr`, `use_yn`, `url_gubun`, `url_path`, `sso_use_yn`, `menu_depth`, `menu_img_class`, `create_seq`, `create_date`, `modify_seq`, `modify_date`, `menu_adm_gubun`, `menu_auth_type`, `public_yn`, `delete_yn` ) VALUES ( '810213000', 'MENU013', '810200000', '810213000', 'Y', 'exp', '/ex/admin/config/ExETaxAuthSetting.do', 'N', '3', NULL, 'SYSTEM', NOW(), 'SYSTEM', NOW(), 'MENU013', 'ADMIN', 'Y', NULL );
INSERT IGNORE INTO `T_CO_MENU_ADM` ( `menu_no`, `menu_gubun`, `upper_menu_no`, `menu_ordr`, `use_yn`, `url_gubun`, `url_path`, `sso_use_yn`, `menu_depth`, `menu_img_class`, `create_seq`, `create_date`, `modify_seq`, `modify_date`, `menu_adm_gubun`, `menu_auth_type`, `public_yn`, `delete_yn` ) VALUES ( '810214000', 'MENU013', '810200000', '810205500', 'Y', 'exp', '/ex/admin/config/ExFormLinkCodeSetting.do', 'N', '3', NULL, 'SYSTEM', NOW(), 'SYSTEM', NOW(), 'MENU013', 'ADMIN', 'Y', NULL );
INSERT IGNORE INTO `T_CO_MENU_ADM` ( `menu_no`, `menu_gubun`, `upper_menu_no`, `menu_ordr`, `use_yn`, `url_gubun`, `url_path`, `sso_use_yn`, `menu_depth`, `menu_img_class`, `create_seq`, `create_date`, `modify_seq`, `modify_date`, `menu_adm_gubun`, `menu_auth_type`, `public_yn`, `delete_yn` ) VALUES ( '810215000', 'MENU013', '810200000', '810215000', 'Y', 'exp', '/ex/admin/config/ExCloseDateSetting.do', 'N', '3', NULL, 'SYSTEM', NOW(), 'SYSTEM', NOW(), 'MENU013', 'ADMIN', 'Y', NULL );
/* 옵션 */ -- INSERT IGNORE INTO `T_CO_MENU_ADM` ( `menu_no`, `menu_gubun`, `upper_menu_no`, `menu_ordr`, `use_yn`, `url_gubun`, `url_path`, `sso_use_yn`, `menu_depth`, `menu_img_class`, `create_seq`, `create_date`, `modify_seq`, `modify_date`, `menu_adm_gubun`, `menu_auth_type`, `public_yn`, `delete_yn` ) VALUES ( '810300000', 'MENU013', '810000000', '810300000', 'Y', NULL, NULL, 'N', '2', NULL, 'SYSTEM', NOW(), 'SYSTEM', NOW(), 'MENU013', 'ADMIN', 'Y', NULL );
/* 옵션 */ -- INSERT IGNORE INTO `T_CO_MENU_ADM` ( `menu_no`, `menu_gubun`, `upper_menu_no`, `menu_ordr`, `use_yn`, `url_gubun`, `url_path`, `sso_use_yn`, `menu_depth`, `menu_img_class`, `create_seq`, `create_date`, `modify_seq`, `modify_date`, `menu_adm_gubun`, `menu_auth_type`, `public_yn`, `delete_yn` ) VALUES ( '810301000', 'MENU013', '810300000', '810301000', 'Y', 'gw', '/acc/money/AccMoneyForm.do', 'N', '3', NULL, 'SYSTEM', NOW(), 'SYSTEM', NOW(), 'MENU013', 'ADMIN', 'Y', NULL );
/* 옵션 */ -- INSERT IGNORE INTO `T_CO_MENU_ADM` ( `menu_no`, `menu_gubun`, `upper_menu_no`, `menu_ordr`, `use_yn`, `url_gubun`, `url_path`, `sso_use_yn`, `menu_depth`, `menu_img_class`, `create_seq`, `create_date`, `modify_seq`, `modify_date`, `menu_adm_gubun`, `menu_auth_type`, `public_yn`, `delete_yn` ) VALUES ( '810302000', 'MENU013', '810300000', '810302000', 'Y', 'gw', '/accmoney/auth/AccSetAuthView.do', 'N', '3', NULL, 'SYSTEM', NOW(), 'SYSTEM', NOW(), 'MENU013', 'ADMIN', 'Y', NULL );
/* 옵션 */ -- INSERT IGNORE INTO `T_CO_MENU_ADM` ( `menu_no`, `menu_gubun`, `upper_menu_no`, `menu_ordr`, `use_yn`, `url_gubun`, `url_path`, `sso_use_yn`, `menu_depth`, `menu_img_class`, `create_seq`, `create_date`, `modify_seq`, `modify_date`, `menu_adm_gubun`, `menu_auth_type`, `public_yn`, `delete_yn` ) VALUES ( '810403000', 'MENU013', '810100000', '810403000', 'Y', 'ea', '/Ac/G20/State/AcExDocListView.do', 'N', '3', NULL, 'SYSTEM', NOW(), 'SYSTEM', NOW(), 'MENU013', 'ADMIN', 'Y', NULL );
/* 옵션 */ -- INSERT IGNORE INTO `T_CO_MENU_ADM` ( `menu_no`, `menu_gubun`, `upper_menu_no`, `menu_ordr`, `use_yn`, `url_gubun`, `url_path`, `sso_use_yn`, `menu_depth`, `menu_img_class`, `create_seq`, `create_date`, `modify_seq`, `modify_date`, `menu_adm_gubun`, `menu_auth_type`, `public_yn`, `delete_yn` ) VALUES ( '810500000', 'MENU013', '810000000', '810500000', 'Y', NULL, NULL, 'N', '2', NULL, 'SYSTEM', '2017-01-23 17:43:58', 'SYSTEM', NOW(), 'MENU013', 'ADMIN', 'Y', NULL );
/* 옵션 */ -- INSERT IGNORE INTO `T_CO_MENU_ADM` ( `menu_no`, `menu_gubun`, `upper_menu_no`, `menu_ordr`, `use_yn`, `url_gubun`, `url_path`, `sso_use_yn`, `menu_depth`, `menu_img_class`, `create_seq`, `create_date`, `modify_seq`, `modify_date`, `menu_adm_gubun`, `menu_auth_type`, `public_yn`, `delete_yn` ) VALUES ( '810502000', 'MENU013', '810500000', '810502000', 'Y', 'exp', '/ex/admin/yesil/ExAdminYesilReport.do', 'N', '3', NULL, 'SYSTEM', NOW(), 'SYSTEM', NOW(), 'MENU013', 'ADMIN', 'Y', NULL );
/* 옵션 */ -- INSERT IGNORE INTO `T_CO_MENU_ADM` ( `menu_no`, `menu_gubun`, `upper_menu_no`, `menu_ordr`, `use_yn`, `url_gubun`, `url_path`, `sso_use_yn`, `menu_depth`, `menu_img_class`, `create_seq`, `create_date`, `modify_seq`, `modify_date`, `menu_adm_gubun`, `menu_auth_type`, `public_yn`, `delete_yn` ) VALUES ( '810503000', 'MENU013', '810500000', '810503000', 'Y', 'exp', '/ex/admin/yesil/ExAdminYesil2Report.do', 'N', '3', NULL, 'SYSTEM', NOW(), 'SYSTEM', NOW(), 'MENU013', 'ADMIN', 'Y', NULL );
/* 옵션 */ -- INSERT IGNORE INTO `T_CO_MENU_ADM` ( `menu_no`, `menu_gubun`, `upper_menu_no`, `menu_ordr`, `use_yn`, `url_gubun`, `url_path`, `sso_use_yn`, `menu_depth`, `menu_img_class`, `create_seq`, `create_date`, `modify_seq`, `modify_date`, `menu_adm_gubun`, `menu_auth_type`, `public_yn`, `delete_yn` ) VALUES ( '810504000', 'MENU013', '810500000', '810502000', 'Y', 'exp', '/expend/np/admin/NpAdminG20Yesil.do', 'N', '3', NULL, 'SYSTEM', NOW(), 'SYSTEM', NOW(), 'MENU013', 'ADMIN', 'Y', NULL );

INSERT IGNORE INTO `T_CO_MENU_ADM_MULTI` ( `menu_no`, `lang_code`, `menu_nm`, `menu_dc`, `create_seq`, `create_date`, `modify_seq`, `modify_date` ) VALUES ( '810000000','kr','회계',NULL,'SYSTEM',NOW(),'SYSTEM',NOW() );
INSERT IGNORE INTO `T_CO_MENU_ADM_MULTI` ( `menu_no`, `lang_code`, `menu_nm`, `menu_dc`, `create_seq`, `create_date`, `modify_seq`, `modify_date` ) VALUES ( '810100000','kr','지출결의 관리',NULL,'SYSTEM',NOW(),'SYSTEM',NOW() );
INSERT IGNORE INTO `T_CO_MENU_ADM_MULTI` ( `menu_no`, `lang_code`, `menu_nm`, `menu_dc`, `create_seq`, `create_date`, `modify_seq`, `modify_date` ) VALUES ( '810101000','kr','지출결의 확인',NULL,'SYSTEM',NOW(),'SYSTEM',NOW() );
INSERT IGNORE INTO `T_CO_MENU_ADM_MULTI` ( `menu_no`, `lang_code`, `menu_nm`, `menu_dc`, `create_seq`, `create_date`, `modify_seq`, `modify_date` ) VALUES ( '810101500','kr','지출결의 상세현황',NULL,'SYSTEM',NOW(),'SYSTEM',NOW() );
INSERT IGNORE INTO `T_CO_MENU_ADM_MULTI` ( `menu_no`, `lang_code`, `menu_nm`, `menu_dc`, `create_seq`, `create_date`, `modify_seq`, `modify_date` ) VALUES ( '810102000','kr','지출결의 현황',NULL,'SYSTEM',NOW(),'SYSTEM',NOW() );
/* 옵션 */ -- INSERT IGNORE INTO `T_CO_MENU_ADM_MULTI` ( `menu_no`, `lang_code`, `menu_nm`, `menu_dc`, `create_seq`, `create_date`, `modify_seq`, `modify_date` ) VALUES ( '810103000','kr','카드 사용 현황',NULL,'SYSTEM',NOW(),'SYSTEM',NOW() );
INSERT IGNORE INTO `T_CO_MENU_ADM_MULTI` ( `menu_no`, `lang_code`, `menu_nm`, `menu_dc`, `create_seq`, `create_date`, `modify_seq`, `modify_date` ) VALUES ( '810104000','kr','ICUBE 연동문서 현황',NULL,'SYSTEM',NOW(),'SYSTEM',NOW() );
/* 옵션 */ -- INSERT IGNORE INTO `T_CO_MENU_ADM_MULTI` ( `menu_no`, `lang_code`, `menu_nm`, `menu_dc`, `create_seq`, `create_date`, `modify_seq`, `modify_date` ) VALUES ( '810105000','kr','세금계산서현황(iCUBE)',NULL,'SYSTEM',NOW(),'SYSTEM',NOW() );
/* 옵션 */ -- INSERT IGNORE INTO `T_CO_MENU_ADM_MULTI` ( `menu_no`, `lang_code`, `menu_nm`, `menu_dc`, `create_seq`, `create_date`, `modify_seq`, `modify_date` ) VALUES ( '810106000','kr','세금계산서현황(ERPiU)',NULL,'SYSTEM',NOW(),'SYSTEM',NOW() );
/* 옵션 */ -- INSERT IGNORE INTO `T_CO_MENU_ADM_MULTI` ( `menu_no`, `lang_code`, `menu_nm`, `menu_dc`, `create_seq`, `create_date`, `modify_seq`, `modify_date` ) VALUES ( '810107000','kr','결의서 전송(비영리 2.0)',NULL,'SYSTEM',NOW(),'SYSTEM',NOW() );
/* 옵션 */ -- INSERT IGNORE INTO `T_CO_MENU_ADM_MULTI` ( `menu_no`, `lang_code`, `menu_nm`, `menu_dc`, `create_seq`, `create_date`, `modify_seq`, `modify_date` ) VALUES ( '810107001','kr','결의서 현황(비영리 2.0)',NULL,'SYSTEM',NOW(),'SYSTEM',NOW() );
/* 옵션 */ -- INSERT IGNORE INTO `T_CO_MENU_ADM_MULTI` ( `menu_no`, `lang_code`, `menu_nm`, `menu_dc`, `create_seq`, `create_date`, `modify_seq`, `modify_date` ) VALUES ( '810107002','kr','품의서 현황',NULL,'SYSTEM',NOW(),'SYSTEM',NOW() );
/* 옵션 */ -- INSERT IGNORE INTO `T_CO_MENU_ADM_MULTI` ( `menu_no`, `lang_code`, `menu_nm`, `menu_dc`, `create_seq`, `create_date`, `modify_seq`, `modify_date` ) VALUES ( '810107003','kr','결의서 현황',NULL,'SYSTEM',NOW(),'SYSTEM',NOW() );
/* 옵션 */ -- INSERT IGNORE INTO `T_CO_MENU_ADM_MULTI` ( `menu_no`, `lang_code`, `menu_nm`, `menu_dc`, `create_seq`, `create_date`, `modify_seq`, `modify_date` ) VALUES ( '810107004','kr','카드 사용 현황(비영리 2.0)',NULL,'SYSTEM',NOW(),'SYSTEM',NOW() );
/* 옵션 */ -- INSERT IGNORE INTO `T_CO_MENU_ADM_MULTI` ( `menu_no`, `lang_code`, `menu_nm`, `menu_dc`, `create_seq`, `create_date`, `modify_seq`, `modify_date` ) VALUES ( '810107005','kr','세금계산서 현황(비영리 2.0)',NULL,'SYSTEM',NOW(),'SYSTEM',NOW() );
INSERT IGNORE INTO `T_CO_MENU_ADM_MULTI` ( `menu_no`, `lang_code`, `menu_nm`, `menu_dc`, `create_seq`, `create_date`, `modify_seq`, `modify_date` ) VALUES ( '810200000','kr','지출결의 설정',NULL,'SYSTEM',NOW(),'SYSTEM',NOW() );
/* 옵션 */ -- INSERT IGNORE INTO `T_CO_MENU_ADM_MULTI` ( `menu_no`, `lang_code`, `menu_nm`, `menu_dc`, `create_seq`, `create_date`, `modify_seq`, `modify_date` ) VALUES ( '810203000','kr','카드 설정',NULL,'SYSTEM',NOW(),'SYSTEM',NOW() );
INSERT IGNORE INTO `T_CO_MENU_ADM_MULTI` ( `menu_no`, `lang_code`, `menu_nm`, `menu_dc`, `create_seq`, `create_date`, `modify_seq`, `modify_date` ) VALUES ( '810204000','kr','표준적요 설정',NULL,'SYSTEM',NOW(),'SYSTEM',NOW() );
INSERT IGNORE INTO `T_CO_MENU_ADM_MULTI` ( `menu_no`, `lang_code`, `menu_nm`, `menu_dc`, `create_seq`, `create_date`, `modify_seq`, `modify_date` ) VALUES ( '810205000','kr','증빙유형 설정',NULL,'SYSTEM',NOW(),'SYSTEM',NOW() );
INSERT IGNORE INTO `T_CO_MENU_ADM_MULTI` ( `menu_no`, `lang_code`, `menu_nm`, `menu_dc`, `create_seq`, `create_date`, `modify_seq`, `modify_date` ) VALUES ( '810206000','kr','환경 설정',NULL,'SYSTEM',NOW(),'SYSTEM',NOW() );
INSERT IGNORE INTO `T_CO_MENU_ADM_MULTI` ( `menu_no`, `lang_code`, `menu_nm`, `menu_dc`, `create_seq`, `create_date`, `modify_seq`, `modify_date` ) VALUES ( '810208000','kr','항목 설정',NULL,'SYSTEM',NOW(),'SYSTEM',NOW() );
INSERT IGNORE INTO `T_CO_MENU_ADM_MULTI` ( `menu_no`, `lang_code`, `menu_nm`, `menu_dc`, `create_seq`, `create_date`, `modify_seq`, `modify_date` ) VALUES ( '810209000','kr','관리항목 설정',NULL,'SYSTEM',NOW(),'SYSTEM',NOW() );
INSERT IGNORE INTO `T_CO_MENU_ADM_MULTI` ( `menu_no`, `lang_code`, `menu_nm`, `menu_dc`, `create_seq`, `create_date`, `modify_seq`, `modify_date` ) VALUES ( '810211000','kr','명칭 설정',NULL,'SYSTEM',NOW(),'SYSTEM',NOW() );
INSERT IGNORE INTO `T_CO_MENU_ADM_MULTI` ( `menu_no`, `lang_code`, `menu_nm`, `menu_dc`, `create_seq`, `create_date`, `modify_seq`, `modify_date` ) VALUES ( '810212000','kr','버튼 설정',NULL,'SYSTEM',NOW(),'SYSTEM',NOW() );
/* 옵션 */ -- INSERT IGNORE INTO `T_CO_MENU_ADM_MULTI` ( `menu_no`, `lang_code`, `menu_nm`, `menu_dc`, `create_seq`, `create_date`, `modify_seq`, `modify_date` ) VALUES ( '810213000','kr','매입전자세금계산서 설정',NULL,'SYSTEM',NOW(),'SYSTEM',NOW() );
INSERT IGNORE INTO `T_CO_MENU_ADM_MULTI` ( `menu_no`, `lang_code`, `menu_nm`, `menu_dc`, `create_seq`, `create_date`, `modify_seq`, `modify_date` ) VALUES ( '810214000','kr','양식 별 표준적요 & 증빙유형 설정',NULL,'SYSTEM',NOW(),'SYSTEM',NOW() );
INSERT IGNORE INTO `T_CO_MENU_ADM_MULTI` ( `menu_no`, `lang_code`, `menu_nm`, `menu_dc`, `create_seq`, `create_date`, `modify_seq`, `modify_date` ) VALUES ( '810215000','kr','마감설정',NULL,'SYSTEM',NOW(),'SYSTEM',NOW() );
/* 옵션 */ -- INSERT IGNORE INTO `T_CO_MENU_ADM_MULTI` ( `menu_no`, `lang_code`, `menu_nm`, `menu_dc`, `create_seq`, `create_date`, `modify_seq`, `modify_date` ) VALUES ( '810300000','kr','자금 관리',NULL,'SYSTEM',NOW(),'SYSTEM',NOW() );
/* 옵션 */ -- INSERT IGNORE INTO `T_CO_MENU_ADM_MULTI` ( `menu_no`, `lang_code`, `menu_nm`, `menu_dc`, `create_seq`, `create_date`, `modify_seq`, `modify_date` ) VALUES ( '810301000','kr','자금 일보 양식 설정',NULL,'SYSTEM',NOW(),'SYSTEM',NOW() );
/* 옵션 */ -- INSERT IGNORE INTO `T_CO_MENU_ADM_MULTI` ( `menu_no`, `lang_code`, `menu_nm`, `menu_dc`, `create_seq`, `create_date`, `modify_seq`, `modify_date` ) VALUES ( '810302000','kr','자금 관리 권한 설정',NULL,'SYSTEM',NOW(),'SYSTEM',NOW() );
/* 옵션 */ -- INSERT IGNORE INTO `T_CO_MENU_ADM_MULTI` ( `menu_no`, `lang_code`, `menu_nm`, `menu_dc`, `create_seq`, `create_date`, `modify_seq`, `modify_date` ) VALUES ( '810403000','kr','품의/결의서 현황(비영리 2.0)',NULL,'SYSTEM',NOW(),'SYSTEM',NOW() );
/* 옵션 */ -- INSERT IGNORE INTO `T_CO_MENU_ADM_MULTI` ( `menu_no`, `lang_code`, `menu_nm`, `menu_dc`, `create_seq`, `create_date`, `modify_seq`, `modify_date` ) VALUES ( '810500000','kr','예실대비',NULL,'SYSTEM',NOW(),'SYSTEM',NOW() );
/* 옵션 */ -- INSERT IGNORE INTO `T_CO_MENU_ADM_MULTI` ( `menu_no`, `lang_code`, `menu_nm`, `menu_dc`, `create_seq`, `create_date`, `modify_seq`, `modify_date` ) VALUES ( '810502000','kr','예실대비 현황(iCUBE)',NULL,'SYSTEM',NOW(),'SYSTEM',NOW() );
/* 옵션 */ -- INSERT IGNORE INTO `T_CO_MENU_ADM_MULTI` ( `menu_no`, `lang_code`, `menu_nm`, `menu_dc`, `create_seq`, `create_date`, `modify_seq`, `modify_date` ) VALUES ( '810503000','kr','예실대비 현황(ERPiU)',NULL,'SYSTEM',NOW(),'SYSTEM',NOW() );
/* 옵션 */ -- INSERT IGNORE INTO `T_CO_MENU_ADM_MULTI` ( `menu_no`, `lang_code`, `menu_nm`, `menu_dc`, `create_seq`, `create_date`, `modify_seq`, `modify_date` ) VALUES ( '810504000','kr','예실대비 현황(G20 비영리 2.0)',NULL,'SYSTEM',NOW(),'SYSTEM',NOW() );

/* --------------------------------------------------------------------------------------------- */
/* Bizbox Version => 82 */
/* 여기까지 배포 완료 ( 배포일 : 2019. 05. 23. 17:27 ) - 이준성  */

/* --------------------------------------------------------------------------------------------- */
/* Bizbox Version => 88 */
/* 여기까지 배포 완료 ( 배포일 : 2019. 07. 04. 17:50 ) - 이준성  */

/* --------------------------------------------------------------------------------------------- */
/* Bizbox Version => 93 */
/* 여기까지 배포 완료 ( 배포일 : 2019. 08. 22. 18:06 ) - 이준성  */

/* --------------------------------------------------------------------------------------------- */

/* --------------------------------------------------------------------------------------------- */
/* Bizbox Version => 94 */
/* 여기까지 배포 완료 ( 배포일 : 2019. 09. 06. 10:49  ) - 이준성  */
/* --------------------------------------------------------------------------------------------- */


/* --------------------------------------------------------------------------------------------- */
/* Bizbox Version => 1.2.97 */
/* 여기까지 배포 완료 ( 배포일 : 2019. 10. 31. 17:00  ) - 최상배  */
/* --------------------------------------------------------------------------------------------- */

/*  
 * 최상배 2019-11-28
 * 비영리 회계 ERPiU 예실대비 현황 메뉴 배포 * */
/*	배포 하지 말 것.
INSERT IGNORE INTO `t_co_menu` ( `comp_seq`, `menu_gubun`, `menu_no`, `upper_menu_no`, `menu_ordr`, `use_yn`, `url_gubun`, `url_path`, `sso_use_yn`, `menu_depth`, `menu_img_path`, `menu_img_class`, `menu_type`, `create_seq`, `create_date`, `modify_seq`, `modify_date`, `public_yn`, `delete_yn` ) VALUES ( '1000', 'MENU013', '1001020003', '1003000000', '1003040000', 'Y', 'exp', '/expend/np/user/NpUserERPiUYesil.do', 'N', '3', NULL, NULL, NULL, 'SYSTEM', NOW(), 'SYSTEM', NOW(), 'Y', NULL );
INSERT IGNORE INTO `t_co_menu_multi` ( `menu_no`, `lang_code`, `menu_nm`, `menu_dc`, `create_seq`, `create_date`, `modify_seq`, `modify_date` ) VALUES ( '1001020003', 'kr', '나의 예실대비 현황(비2.0 ERPiU)', NULL, 'SYSTEM', NOW(), 'SYSTEM', NOW() );


INSERT IGNORE INTO `t_co_menu_adm` ( `menu_no`, `menu_gubun`, `upper_menu_no`, `menu_ordr`, `use_yn`, `url_gubun`, `url_path`, `sso_use_yn`, `menu_depth`, `menu_img_class`, `create_seq`, `create_date`, `modify_seq`, `modify_date`, `menu_adm_gubun`, `menu_auth_type`, `public_yn`, `delete_yn` ) VALUES ( '810505001', 'MENU013', '810500000', '810502000', 'Y', 'exp', '/expend/np/admin/NpAdminERPiUYesil.do', 'N', '3', NULL, 'SYSTEM', NOW(), 'SYSTEM', NOW(), 'MENU013', 'ADMIN', 'Y', NULL );
INSERT IGNORE INTO `t_co_menu_adm_multi` ( `menu_no`, `lang_code`, `menu_nm`, `menu_dc`, `create_seq`, `create_date`, `modify_seq`, `modify_date` ) VALUES ( '810505001', 'kr', '예실대비 현황(비2.0 ERPiU)', NULL, 'SYSTEM', NOW(), 'SYSTEM', NOW() );
*/

/* --------------------------------------------------------------------------------------------- */
/* Bizbox Version => 1.2.102 1차 배포  */
/* 여기까지 배포 완료 ( 배포일 : 2020. . 01. 09 17:00  ) - 이준성  */
/* --------------------------------------------------------------------------------------------- */

/* --------------------------------------------------------------------------------------------- */
/* Bizbox Version => 1.2.102 2차 배포  */
/* 여기까지 배포 완료 ( 배포일 : 2020. . 01. 15 17:55  ) - 허준녕  */
/* --------------------------------------------------------------------------------------------- */

/* --------------------------------------------------------------------------------------------- */
/* Bizbox Version => 1.2.103 1차 배포  */
/* 여기까지 배포 완료 ( 배포일 : 2020. . 01. 23 15:00  ) - 이준성  */
/* --------------------------------------------------------------------------------------------- */

/* --------------------------------------------------------------------------------------------- */
/* Bizbox Version => 1.2.103 2차 배포  */
/* 여기까지 배포 완료 ( 배포일 : 2020. . 01. 29 13:30  ) - 허준녕  */
/* --------------------------------------------------------------------------------------------- */

/* --------------------------------------------------------------------------------------------- */
/* Bizbox Version => 1.2.103 3차 배포  */
/* 여기까지 배포 완료 ( 배포일 : 2020. . 01. 30 09:10  ) - 허준녕  */
/* --------------------------------------------------------------------------------------------- */

/* --------------------------------------------------------------------------------------------- */
/* Bizbox Version => 1.2.104 1차 배포  */
/* 여기까지 배포 완료 ( 배포일 : 2020. . 02. 10 14:30  ) - 허준녕  */
/* --------------------------------------------------------------------------------------------- */
/* --------------------------------------------------------------------------------------------- */
/* Bizbox Version => 1.2.104 2차 배포  */
/* 여기까지 배포 완료 ( 배포일 : 2020. . 02. 12 18:02  ) - 허준녕  */
/* --------------------------------------------------------------------------------------------- */
/* --------------------------------------------------------------------------------------------- */
/* Bizbox Version => 1.2.105 1차 배포  */
/* 여기까지 배포 완료 ( 배포일 : 2020. 02. 20 17:25  ) - 허준녕  */
/* --------------------------------------------------------------------------------------------- */
/* --------------------------------------------------------------------------------------------- */
/* Bizbox Version => 1.2.105 2차 배포  */
/* 여기까지 배포 완료 ( 배포일 : 2020. 02. 26 17:25  ) - 허준녕  */
/* --------------------------------------------------------------------------------------------- */
/* --------------------------------------------------------------------------------------------- */
/* Bizbox Version => 1.2.106 1차 배포  */
/* 여기까지 배포 완료 ( 배포일 : 2020. 03. 05 17:35  ) - 허준녕  */
/* --------------------------------------------------------------------------------------------- */
/* --------------------------------------------------------------------------------------------- */
/* Bizbox Version => 1.2.106 2차 배포  */
/* 여기까지 배포 완료 ( 배포일 : 2020. 03. 11 17:11  ) - 허준녕  */
/* --------------------------------------------------------------------------------------------- */
/* --------------------------------------------------------------------------------------------- */
/* Bizbox Version => 1.2.107 1차 배포  */
/* 여기까지 배포 완료 ( 배포일 : 2020. 03. 19 17:58  ) - 허준녕  */
/* --------------------------------------------------------------------------------------------- */
/* --------------------------------------------------------------------------------------------- */
/* Bizbox Version => 1.2.107 2차 배포  */
/* 여기까지 배포 완료 ( 배포일 : 2020. 03. 25 17:00  ) - 허준녕  */
/* --------------------------------------------------------------------------------------------- */
/* --------------------------------------------------------------------------------------------- */
/* Bizbox Version => 1.2.108 1차 배포  */
/* 여기까지 배포 완료 ( 배포일 : 2020. 04. 02 17:58  ) - 이준성  */
/* --------------------------------------------------------------------------------------------- */
/* --------------------------------------------------------------------------------------------- */
/* Bizbox Version => 1.2.108 2차 배포  */
/* 여기까지 배포 완료 ( 배포일 : 2020. 04. 08 17:23  ) - 허준녕  */
/* --------------------------------------------------------------------------------------------- */
/* --------------------------------------------------------------------------------------------- */
/* Bizbox Version => 1.2.109 1차 배포  */
/* 여기까지 배포 완료 ( 배포일 : 2020. 04. 16 17:30  ) - 허준녕  */
/* --------------------------------------------------------------------------------------------- */
/* --------------------------------------------------------------------------------------------- */
/* Bizbox Version => 1.2.109 2차 배포  */
/* 여기까지 배포 완료 ( 배포일 : 2020. 04. 22 17:30  ) - 허준녕  */
/* --------------------------------------------------------------------------------------------- */
/* --------------------------------------------------------------------------------------------- */
/* Bizbox Version => 1.2.110 1차 배포  */
/* 여기까지 배포 완료 ( 배포일 : 2020. 04. 22 16:50  ) - 허준녕  */
/* --------------------------------------------------------------------------------------------- */
/* --------------------------------------------------------------------------------------------- */
/* Bizbox Version => 1.2.111 1차 배포  */
/* 여기까지 배포 완료 ( 배포일 : 2020. 05. 21 16:30  ) - 허준녕  */
/* --------------------------------------------------------------------------------------------- */
/* --------------------------------------------------------------------------------------------- */
/* Bizbox Version => 1.2.111 2차 배포  */
/* 여기까지 배포 완료 ( 배포일 : 2020. 05. 27 17:30  ) - 허준녕  */
/* --------------------------------------------------------------------------------------------- */
/* --------------------------------------------------------------------------------------------- */
/* Bizbox Version => 1.2.112 1차 배포  */
/* 여기까지 배포 완료 ( 배포일 : 2020. 06. 4 16:51  ) - 이준성  */
/* --------------------------------------------------------------------------------------------- */
/* --------------------------------------------------------------------------------------------- */
/* Bizbox Version => 1.2.113 1차 배포  */
/* 여기까지 배포 완료 ( 배포일 : 2020. 06. 18 17:20  ) - 허준녕  */
/* --------------------------------------------------------------------------------------------- */
/* --------------------------------------------------------------------------------------------- */
/* Bizbox Version => 1.2.114 1차 배포  */
/* 여기까지 배포 완료 ( 배포일 : 2020. 07. 02 17:20  ) - 이준성  */
/* --------------------------------------------------------------------------------------------- */
/* --------------------------------------------------------------------------------------------- */
/* Bizbox Version => 1.2.114 3차 배포  */
/* 여기까지 배포 완료 ( 배포일 : 2020. 07. 10 14:40  ) - 허준녕  */
/* --------------------------------------------------------------------------------------------- */
/* --------------------------------------------------------------------------------------------- */
/* Bizbox Version => 1.2.115 1차 배포  */
/* 여기까지 배포 완료 ( 배포일 : 2020. 07. 10 17:30  ) - 허준녕  */
/* --------------------------------------------------------------------------------------------- */
/* --------------------------------------------------------------------------------------------- */
/* Bizbox Version => 1.2.116 1차 배포  */
/* 여기까지 배포 완료 ( 배포일 : 2020. 07. 30 14:40  ) - 허준녕  */
/* --------------------------------------------------------------------------------------------- */
/* --------------------------------------------------------------------------------------------- */
/* Bizbox Version => 1.2.116 2차 배포  */
/* 여기까지 배포 완료 ( 배포일 : 2020. 08. 05 17:20  ) - 이준성  */
/* --------------------------------------------------------------------------------------------- */
/* --------------------------------------------------------------------------------------------- */
/* Bizbox Version => 1.2.116 2차 배포  */
/* 여기까지 배포 완료 ( 배포일 : 2020. 08. 05 17:20  ) - 이준성  */
/* --------------------------------------------------------------------------------------------- */
/* --------------------------------------------------------------------------------------------- */
/* Bizbox Version => 1.2.117 1차 배포  */
/* 여기까지 배포 완료 ( 배포일 : 2020. 08. 05 14:35  ) - 이준성  */
/* --------------------------------------------------------------------------------------------- */
/* --------------------------------------------------------------------------------------------- */
/* Bizbox Version => 1.2.117 2차 배포  */
/* 여기까지 배포 완료 ( 배포일 : 2020. 08. 19 17:32  ) - 이준성  */
/* --------------------------------------------------------------------------------------------- */
/* --------------------------------------------------------------------------------------------- */
/* Bizbox Version => 1.2.118 2차 배포  */
/* 여기까지 배포 완료 ( 배포일 : 2020. 09. 02 17:32  ) - 허준녕  */
/* --------------------------------------------------------------------------------------------- */
/* --------------------------------------------------------------------------------------------- */
/* Bizbox Version => 1.2.119 1차 배포  */
/* 여기까지 배포 완료 ( 배포일 : 2020. 09. 10 17:05  ) - 허준녕  */
/* --------------------------------------------------------------------------------------------- */
/* --------------------------------------------------------------------------------------------- */
/* Bizbox Version => 1.2.120 1차 배포  */
/* 여기까지 배포 완료 ( 배포일 : 2020. 09. 24 17:05  ) - 허준녕  */
/* --------------------------------------------------------------------------------------------- */
/* --------------------------------------------------------------------------------------------- */
/* Bizbox Version => 1.2.121 1차 배포  */
/* 여기까지 배포 완료 ( 배포일 : 2020. 10. 15 17:00  ) - 허준녕  */
/* --------------------------------------------------------------------------------------------- */
/* --------------------------------------------------------------------------------------------- */
/* Bizbox Version => 1.2.121 2차 배포  */
/* 여기까지 배포 완료 ( 배포일 : 2020. 10. 21 17:20  ) - 허준녕  */
/* --------------------------------------------------------------------------------------------- */
/* --------------------------------------------------------------------------------------------- */
/* Bizbox Version => 1.2.121 3차 배포  */
/* 여기까지 배포 완료 ( 배포일 : 2020. 10. 27 11:55  ) - 허준녕  */
/* --------------------------------------------------------------------------------------------- */
/* --------------------------------------------------------------------------------------------- */
/* Bizbox Version => 1.2.122 1차 배포  */
/* 여기까지 배포 완료 ( 배포일 : 2020. 10. 29 17:20  ) - 허준녕  */
/* --------------------------------------------------------------------------------------------- */
/* --------------------------------------------------------------------------------------------- */
/* Bizbox Version => 1.2.122 2차 배포  */
/* 여기까지 배포 완료 ( 배포일 : 2020. 11. 04 16:20  ) - 이준성  */
/* --------------------------------------------------------------------------------------------- */
/* --------------------------------------------------------------------------------------------- */
/* Bizbox Version => 1.2.122 3차 배포  */
/* 여기까지 배포 완료 ( 배포일 : 2020. 11. 09 15:40  ) - 허준녕  */
/* --------------------------------------------------------------------------------------------- */
/* --------------------------------------------------------------------------------------------- */
/* Bizbox Version => 1.2.123 1차 배포  */
/* 여기까지 배포 완료 ( 배포일 : 2020. 11. 19 15:40  ) - 허준녕  */
/* --------------------------------------------------------------------------------------------- */
/* --------------------------------------------------------------------------------------------- */
/* Bizbox Version => 1.2.124 1차 배포  */
/* 여기까지 배포 완료 ( 배포일 : 2020. 12. 03 17:30  ) - 허준녕  */
/* --------------------------------------------------------------------------------------------- */
/* --------------------------------------------------------------------------------------------- */
/* Bizbox Version => 1.2.124 3차 배포  */
/* 여기까지 배포 완료 ( 배포일 : 2020. 12. 14 13:50  ) - 허준녕  */
/* --------------------------------------------------------------------------------------------- */
/* --------------------------------------------------------------------------------------------- */
/* Bizbox Version => 1.2.125 1차 배포  */
/* 여기까지 배포 완료 ( 배포일 : 2020. 12. 17 17:50  ) - 허준녕  */
/* --------------------------------------------------------------------------------------------- */
/* --------------------------------------------------------------------------------------------- */
/* Bizbox Version => 1.2.126 2차 배포  */
/* 여기까지 배포 완료 ( 배포일 : 2021. 01. 06 17:30  ) - 허준녕  */
/* --------------------------------------------------------------------------------------------- */
/* --------------------------------------------------------------------------------------------- */
/* Bizbox Version => 1.2.128 1차 배포  */
/* 여기까지 배포 완료 ( 배포일 : 2021. 01. 28 17:30  ) - 허준녕  */
/* --------------------------------------------------------------------------------------------- */
/* --------------------------------------------------------------------------------------------- */
/* Bizbox Version => 1.2.128 2차 배포  */
/* 여기까지 배포 완료 ( 배포일 : 2021. 02. 02 16:00  ) - 허준녕  */
/* --------------------------------------------------------------------------------------------- */
/* --------------------------------------------------------------------------------------------- */
/* Bizbox Version => 1.2.128 3차 배포  */
/* 여기까지 배포 완료 ( 배포일 : 2021. 02. 03 17:30  ) - 허준녕  */
/* --------------------------------------------------------------------------------------------- */
/* --------------------------------------------------------------------------------------------- */
/* Bizbox Version => 1.2.130 1차 배포  */
/* 여기까지 배포 완료 ( 배포일 : 2021. 03. 04 17:30  ) - 허준녕  */
/* --------------------------------------------------------------------------------------------- */
/* --------------------------------------------------------------------------------------------- */
/* Bizbox Version => 1.2.131 2차 배포  */
/* 여기까지 배포 완료 ( 배포일 : 2021. 03. 24 15:30  ) - 허준녕  */
/* --------------------------------------------------------------------------------------------- */
/* --------------------------------------------------------------------------------------------- */
/* Bizbox Version => 1.2.132 1차 배포  */
/* 여기까지 배포 완료 ( 배포일 : 2021. 03. 24 15:44  ) - 허준녕  */
/* --------------------------------------------------------------------------------------------- */
/* --------------------------------------------------------------------------------------------- */
/* Bizbox Version => 1.2.132 2차 배포  */
/* 여기까지 배포 완료 ( 배포일 : 2021. 04. 07 17:16  ) - 이준성  */
/* --------------------------------------------------------------------------------------------- */
/* --------------------------------------------------------------------------------------------- */
/* Bizbox Version => 1.2.133 1차 배포  */
/* 여기까지 배포 완료 ( 배포일 : 2021. 04. 15 17:50  ) - 허준녕  */
/* --------------------------------------------------------------------------------------------- */
/* --------------------------------------------------------------------------------------------- */
/* Bizbox Version => 1.2.133 2차 배포  */
/* 여기까지 배포 완료 ( 배포일 : 2021. 04. 21 17:50  ) - 허준녕  */
/* --------------------------------------------------------------------------------------------- */
/* --------------------------------------------------------------------------------------------- */
/* Bizbox Version => 1.2.134 1차 배포  */
/* 여기까지 배포 완료 ( 배포일 : 2021. 04. 28 17:00  ) - 허준녕  */
/* --------------------------------------------------------------------------------------------- */
/* --------------------------------------------------------------------------------------------- */
/* Bizbox Version => 1.2.135 2차 배포  */
/* 여기까지 배포 완료 ( 배포일 : 2021. 05. 18 17:00  ) - 허준녕  */
/* --------------------------------------------------------------------------------------------- */
/* --------------------------------------------------------------------------------------------- */
/* Bizbox Version => 1.2.136 1차 배포  */
/* 여기까지 배포 완료 ( 배포일 : 2021. 05. 27 17:00  ) - 허준녕  */
/* --------------------------------------------------------------------------------------------- */
/* --------------------------------------------------------------------------------------------- */
/* Bizbox Version => 1.2.136 2차 배포  */
/* 여기까지 배포 완료 ( 배포일 : 2021. 06. 02 17:00  ) - 허준녕  */
/* --------------------------------------------------------------------------------------------- */
/* --------------------------------------------------------------------------------------------- */
/* Bizbox Version => 1.2.139 3차 배포  */
/* 여기까지 배포 완료 ( 배포일 : 2021. 07. 19 17:00  ) - 허준녕  */
/* --------------------------------------------------------------------------------------------- */
/* --------------------------------------------------------------------------------------------- */
/* Bizbox Version => 1.2.140 1차 배포  */
/* 여기까지 배포 완료 ( 배포일 : 2021. 07. 22 17:43  ) - 허준녕  */
/* --------------------------------------------------------------------------------------------- */


